gara,team,drv,fonte,compound,lap_start,lap_end,n,life_start,life_end,life_span,pace,disp,delta_t,n_out,vicino_ritiro,stability,information
Australia,Alpine,GAS,FP,MEDIUM,2,10,5,2,10,8,82.83,0.944,2.575,1,False,0.855,0.5
Australia,Alpine,COL,FP,MEDIUM,2,9,4,3,9,6,83.408,0.339,0.837,0,False,1.0,0.28
Australia,Alpine,GAS,FP,HARD,10,18,8,10,18,8,84.488,1.467,4.281,0,False,0.801,0.555
Australia,Alpine,GAS,FP,MEDIUM,3,10,4,3,10,7,85.814,1.196,2.92,1,False,0.781,0.468
Australia,Alpine,COL,FP,MEDIUM,18,21,4,12,15,3,85.857,0.185,0.494,0,False,1.0,0.188
Australia,Alpine,COL,FP,MEDIUM,20,24,5,13,17,4,87.097,1.328,3.504,2,False,0.642,0.445
Australia,Audi,HUL,FP,MEDIUM,2,9,4,2,9,7,82.139,0.566,1.505,1,False,0.9,0.394
Australia,Audi,HUL,FP,MEDIUM,21,28,8,12,19,7,85.35,0.686,1.992,2,False,0.8,0.54
Australia,Audi,BOR,FP,MEDIUM,18,22,5,11,15,4,85.915,1.008,2.892,1,False,0.836,0.445
Australia,Cadillac,PER,FP,MEDIUM,7,16,10,7,16,9,86.297,0.516,2.162,2,False,0.8,0.605
Australia,Cadillac,BOT,FP,MEDIUM,15,21,7,9,15,6,88.143,1.011,3.087,1,False,0.835,0.509
Australia,Ferrari,HAM,FP,HARD,2,12,5,2,12,10,80.903,0.321,0.869,0,False,1.0,0.358
Australia,Ferrari,LEC,FP,MEDIUM,3,15,5,4,14,10,82.08,1.016,2.949,1,False,0.834,0.527
Australia,Ferrari,HAM,FP,MEDIUM,4,15,5,5,13,8,82.692,0.758,2.115,0,False,1.0,0.5
Australia,Haas F1 Team,OCO,FP,MEDIUM,5,17,6,5,17,12,83.154,0.774,2.297,1,False,0.9,0.573
Australia,Haas F1 Team,BEA,FP,HARD,2,9,4,3,9,6,83.258,0.558,1.253,0,False,1.0,0.342
Australia,Haas F1 Team,OCO,FP,HARD,2,9,4,2,8,6,83.737,0.968,2.533,0,False,0.948,0.455
Australia,Haas F1 Team,BEA,FP,MEDIUM,4,15,6,4,14,10,84.124,1.258,3.638,0,False,0.863,0.545
Australia,Haas F1 Team,BEA,FP,HARD,18,25,8,13,20,7,86.453,0.616,2.092,1,False,0.9,0.541
Australia,Haas F1 Team,OCO,FP,HARD,19,23,5,13,17,4,86.503,0.422,1.179,1,False,0.9,0.322
Australia,McLaren,PIA,FP,HARD,2,9,4,3,9,6,80.963,0.387,1.035,1,False,0.9,0.31
Australia,McLaren,PIA,FP,SOFT,2,11,5,2,11,9,81.179,0.608,1.529,0,False,1.0,0.443
Australia,McLaren,NOR,FP,SOFT,7,16,4,7,16,9,81.3,0.179,0.419,0,False,1.0,0.258
Australia,McLaren,NOR,FP,HARD,6,9,4,6,9,3,82.871,0.317,0.783,1,False,0.9,0.231
Australia,McLaren,NOR,FP,SOFT,15,22,5,2,9,7,82.989,1.557,4.123,0,False,0.775,0.486
Australia,McLaren,PIA,FP,SOFT,15,19,5,5,9,4,84.884,0.219,0.616,0,False,1.0,0.238
Australia,Mercedes,ANT,FP,SOFT,9,15,7,9,15,6,81.268,0.428,1.242,0,False,1.0,0.395
Australia,Mercedes,RUS,FP,SOFT,9,15,7,9,15,6,82.221,0.687,1.769,0,False,1.0,0.474
Australia,Mercedes,RUS,FP,HARD,14,24,11,7,17,10,83.507,0.456,1.29,1,False,0.9,0.53
Australia,Mercedes,ANT,FP,HARD,15,27,13,9,21,12,84.089,1.247,4.97,1,False,0.766,0.7
Australia,Mercedes,RUS,FP,MEDIUM,3,9,4,3,9,6,84.528,1.413,3.777,0,False,0.817,0.455
Australia,Racing Bulls,LAW,FP,HARD,2,8,4,2,8,6,81.341,0.482,1.309,0,False,1.0,0.351
Australia,Racing Bulls,LAW,FP,MEDIUM,3,12,5,4,12,8,83.495,0.997,2.925,1,False,0.84,0.5
Australia,Racing Bulls,LIN,FP,SOFT,3,11,5,3,11,8,83.667,1.549,4.217,0,False,0.777,0.5
Australia,Racing Bulls,LAW,FP,MEDIUM,17,23,7,10,16,6,85.803,0.285,0.95,0,False,1.0,0.352
Australia,Racing Bulls,LIN,FP,SOFT,17,24,8,10,17,7,86.067,0.359,1.283,3,False,0.72,0.433
Australia,Racing Bulls,LAW,FP,MEDIUM,15,20,6,15,20,5,86.815,0.506,1.351,0,False,1.0,0.38
Australia,Red Bull Racing,HAD,FP,SOFT,2,10,6,2,10,8,81.668,0.611,1.758,0,False,1.0,0.482
Australia,Red Bull Racing,VER,FP,SOFT,5,10,5,5,10,5,82.062,1.23,3.843,2,False,0.671,0.459
Australia,Red Bull Racing,HAD,FP,MEDIUM,17,22,4,11,15,4,84.35,0.226,0.634,0,False,1.0,0.222
Australia,Red Bull Racing,VER,FP,MEDIUM,21,25,5,15,19,4,84.846,0.392,1.132,2,False,0.8,0.315
Australia,Red Bull Racing,HAD,FP,MEDIUM,19,22,4,14,17,3,85.194,0.301,0.823,0,False,1.0,0.237
Australia,Williams,ALB,FP,HARD,2,10,5,2,10,8,83.557,0.839,2.259,0,False,0.986,0.5
Australia,Williams,SAI,FP,HARD,3,14,5,3,14,11,83.629,0.993,2.85,1,False,0.841,0.541
Australia,Williams,ALB,FP,MEDIUM,3,17,7,5,17,12,84.243,1.284,4.172,1,False,0.755,0.591
Australia,Williams,SAI,FP,SOFT,23,28,6,8,13,5,86.035,0.651,1.839,1,False,0.9,0.453
Australia,Alpine,COL,Race,SOFT,48,56,8,2,10,8,83.817,0.86,2.707,2,False,0.576,0.555
Australia,Alpine,GAS,Race,HARD,20,32,13,9,21,12,84.852,0.551,2.079,1,False,0.9,0.7
Australia,Alpine,GAS,Race,HARD,35,57,23,24,46,22,85.177,0.746,2.689,5,False,0.609,1.0
Australia,Alpine,COL,Race,HARD,20,32,13,20,32,12,85.449,0.638,2.328,2,False,0.796,0.7
Australia,Alpine,GAS,Race,MEDIUM,1,10,9,2,10,8,85.989,0.781,2.317,0,False,0.854,0.573
Australia,Alpine,COL,Race,HARD,34,45,12,34,45,11,86.268,0.824,2.495,0,False,0.812,0.668
Australia,Alpine,COL,Race,HARD,1,8,7,2,8,6,86.935,0.773,2.348,0,False,0.862,0.509
Australia,Aston Martin,ALO,Race,SOFT,15,21,7,4,10,6,86.376,0.927,2.427,2,True,0.204,0.509
Australia,Aston Martin,ALO,Race,SOFT,1,10,9,2,10,8,87.598,0.661,2.043,0,False,0.973,0.573
Australia,Aston Martin,STR,Race,HARD,20,25,6,9,14,5,87.713,0.612,1.911,1,False,0.9,0.464
Australia,Aston Martin,STR,Race,MEDIUM,1,10,9,2,10,8,88.079,0.358,1.159,4,False,0.72,0.447
Australia,Audi,BOR,Race,HARD,20,32,13,2,14,12,84.428,0.319,1.223,3,False,0.72,0.583
Australia,Audi,BOR,Race,HARD,35,57,23,2,24,22,84.47,0.717,2.806,0,False,0.918,1.0
Australia,Audi,BOR,Race,MEDIUM,1,10,9,2,10,8,86.032,0.782,2.314,2,False,0.653,0.573
Australia,Cadillac,PER,Race,SOFT,45,55,10,2,12,10,86.205,0.957,2.887,2,True,0.192,0.618
Australia,Cadillac,PER,Race,HARD,20,31,11,2,12,10,87.457,0.963,2.794,0,False,0.674,0.636
Australia,Cadillac,PER,Race,MEDIUM,1,10,9,2,10,8,87.595,0.509,1.713,0,False,1.0,0.53
Australia,Cadillac,BOT,Race,HARD,1,10,9,2,10,8,87.738,0.882,2.788,2,False,0.554,0.573
Australia,Cadillac,PER,Race,HARD,34,42,9,16,24,8,87.956,0.982,2.296,0,False,0.655,0.573
Australia,Ferrari,HAM,Race,HARD,35,58,24,7,30,23,82.686,0.272,0.915,4,False,0.72,0.837
Australia,Ferrari,LEC,Race,HARD,35,58,24,10,33,23,83.005,0.343,1.797,3,False,0.72,0.97
Australia,Ferrari,LEC,Race,HARD,27,33,7,2,8,6,83.026,0.082,0.24,0,False,1.0,0.245
Australia,Ferrari,HAM,Race,MEDIUM,21,27,7,21,27,6,83.66,0.308,0.947,1,False,0.9,0.351
Australia,Ferrari,HAM,Race,MEDIUM,1,11,10,2,11,9,84.564,0.479,1.771,1,False,0.9,0.57
Australia,Ferrari,LEC,Race,MEDIUM,1,11,10,2,11,9,84.688,0.815,2.414,0,False,0.821,0.605
Australia,Haas F1 Team,BEA,Race,HARD,20,32,13,2,14,12,84.509,0.428,1.295,0,False,1.0,0.594
Australia,Haas F1 Team,BEA,Race,HARD,35,57,23,17,39,22,84.598,0.756,2.858,4,False,0.599,1.0
Australia,Haas F1 Team,OCO,Race,HARD,20,32,13,9,21,12,84.821,0.683,2.289,2,False,0.751,0.7
Australia,Haas F1 Team,OCO,Race,HARD,35,57,23,24,46,22,85.199,0.744,2.439,1,False,0.791,1.0
Australia,Haas F1 Team,OCO,Race,MEDIUM,1,10,9,2,10,8,85.632,0.695,2.006,0,False,0.94,0.573
Australia,Haas F1 Team,BEA,Race,MEDIUM,1,10,9,2,10,8,85.969,0.58,2.126,1,False,0.9,0.573
Australia,McLaren,NOR,Race,MEDIUM,36,58,23,2,24,22,82.953,0.381,1.643,2,False,0.8,0.946
Australia,McLaren,NOR,Race,HARD,20,33,14,9,22,13,83.966,0.603,2.38,2,False,0.8,0.732
Australia,McLaren,NOR,Race,MEDIUM,1,10,9,2,10,8,85.573,0.771,2.366,2,False,0.664,0.573
Australia,Mercedes,ANT,Race,HARD,35,58,24,23,46,23,82.928,0.219,0.875,1,False,0.9,0.831
Australia,Mercedes,ANT,Race,HARD,21,33,13,9,21,12,83.017,0.453,1.963,2,False,0.8,0.694
Australia,Mercedes,RUS,Race,HARD,35,58,24,23,46,23,83.025,0.247,1.081,1,False,0.9,0.862
Australia,Mercedes,RUS,Race,HARD,21,33,13,9,21,12,83.188,0.322,1.168,0,False,1.0,0.575
Australia,Mercedes,ANT,Race,MEDIUM,1,10,8,3,10,7,84.031,0.661,1.78,2,False,0.773,0.508
Australia,Mercedes,RUS,Race,MEDIUM,1,11,10,2,11,9,84.714,0.811,2.477,0,False,0.825,0.605
Australia,Racing Bulls,LAW,Race,SOFT,35,57,23,2,24,22,84.232,0.9,3.112,6,False,0.457,1.0
Australia,Racing Bulls,LIN,Race,HARD,20,32,13,2,14,12,84.475,0.357,1.242,1,False,0.9,0.586
Australia,Racing Bulls,LIN,Race,HARD,35,57,21,17,39,22,84.747,0.45,1.774,6,False,0.72,0.948
Australia,Racing Bulls,LAW,Race,HARD,20,32,13,9,21,12,85.253,0.444,1.616,1,False,0.9,0.642
Australia,Racing Bulls,LIN,Race,MEDIUM,1,10,9,2,10,8,85.497,0.618,2.024,2,False,0.8,0.573
Australia,Racing Bulls,LAW,Race,MEDIUM,1,10,9,2,10,8,86.661,0.885,2.786,0,False,0.751,0.573
Australia,Red Bull Racing,VER,Race,HARD,43,58,16,2,17,15,82.858,0.372,1.442,1,False,0.9,0.712
Australia,Red Bull Racing,VER,Race,MEDIUM,20,33,14,2,15,13,83.513,0.141,0.567,2,False,0.8,0.517
Australia,Red Bull Racing,VER,Race,MEDIUM,35,40,6,17,22,5,83.94,0.372,0.92,0,False,1.0,0.315
Australia,Red Bull Racing,VER,Race,HARD,1,10,9,2,10,8,85.133,0.878,2.389,3,False,0.478,0.573
Australia,Red Bull Racing,HAD,Race,MEDIUM,1,10,9,2,10,8,85.363,0.248,0.748,2,True,0.32,0.385
Australia,Williams,SAI,Race,SOFT,47,56,8,3,11,8,83.896,0.5,1.387,2,False,0.8,0.463
Australia,Williams,ALB,Race,SOFT,35,57,23,2,24,22,84.858,0.631,2.297,6,False,0.72,1.0
Australia,Williams,SAI,Race,MEDIUM,35,44,10,2,11,9,85.445,0.885,2.462,1,False,0.651,0.605
Australia,Williams,ALB,Race,HARD,20,32,13,8,20,12,85.734,0.602,1.601,0,False,1.0,0.64
Australia,Williams,SAI,Race,HARD,20,32,13,9,21,12,86.124,0.815,2.679,0,False,0.821,0.7
Australia,Williams,ALB,Race,MEDIUM,1,10,9,2,10,8,86.436,0.9,2.353,0,False,0.737,0.573
Australia,Williams,SAI,Race,SOFT,1,10,9,2,10,8,86.872,0.95,2.66,0,False,0.687,0.573
Canada,Alpine,GAS,FP,HARD,9,20,9,9,20,11,77.823,1.02,3.299,1,False,0.833,0.614
Canada,Aston Martin,ALO,FP,SOFT,15,22,6,8,15,7,77.541,0.928,2.468,0,False,0.96,0.505
Canada,Aston Martin,STR,FP,SOFT,13,21,5,6,14,8,77.748,0.26,0.705,0,False,1.0,0.306
Canada,Audi,BOR,FP,HARD,14,24,7,15,24,9,77.067,0.432,1.548,1,False,0.9,0.482
Canada,Cadillac,PER,FP,SOFT,12,22,11,12,22,10,78.306,0.453,1.292,0,False,1.0,0.53
Canada,Cadillac,BOT,FP,MEDIUM,16,22,7,16,22,6,78.428,0.15,0.412,1,False,0.9,0.271
Canada,Ferrari,LEC,FP,HARD,15,24,8,16,24,8,75.833,0.842,2.673,1,False,0.885,0.555
Canada,Ferrari,HAM,FP,HARD,15,26,8,15,26,11,75.944,0.896,3.006,1,False,0.869,0.595
Canada,Haas F1 Team,OCO,FP,HARD,11,21,8,11,21,10,77.522,0.716,2.345,0,False,1.0,0.582
Canada,Haas F1 Team,BEA,FP,HARD,10,15,6,10,15,5,78.66,0.516,1.455,1,False,0.9,0.396
Canada,McLaren,NOR,FP,HARD,14,23,4,16,23,7,75.245,0.245,0.592,1,False,0.9,0.257
Canada,McLaren,PIA,FP,HARD,15,21,7,15,21,6,76.329,0.609,1.87,3,False,0.72,0.49
Canada,Mercedes,RUS,FP,HARD,8,14,7,8,14,6,75.893,0.617,1.824,1,False,0.9,0.483
Canada,Mercedes,ANT,FP,HARD,8,12,5,8,12,4,75.994,0.376,0.983,1,False,0.9,0.293
Canada,Racing Bulls,LIN,FP,MEDIUM,13,22,7,13,22,9,76.867,0.689,1.711,2,False,0.8,0.507
Canada,Red Bull Racing,VER,FP,HARD,10,22,13,10,22,12,76.752,1.294,4.845,3,False,0.572,0.7
Canada,Red Bull Racing,HAD,FP,HARD,10,22,12,10,22,12,77.043,1.2,4.182,2,False,0.68,0.682
Canada,Williams,SAI,FP,HARD,17,28,11,17,28,11,77.203,0.568,1.745,2,False,0.8,0.612
Canada,Alpine,GAS,Race,HARD,53,67,13,24,37,13,75.895,0.405,1.463,4,False,0.72,0.633
Canada,Alpine,COL,Race,HARD,54,67,14,24,37,13,76.238,0.842,3.011,3,False,0.514,0.732
Canada,Alpine,COL,Race,HARD,46,51,5,17,21,4,76.537,0.155,0.368,1,False,0.9,0.201
Canada,Alpine,COL,Race,HARD,33,44,12,3,14,11,76.835,0.661,2.548,2,False,0.773,0.668
Canada,Alpine,GAS,Race,HARD,46,50,5,16,20,4,76.888,0.791,2.301,0,False,0.845,0.445
Canada,Alpine,GAS,Race,HARD,32,44,12,3,14,11,77.078,0.786,2.69,1,False,0.75,0.668
Canada,Alpine,COL,Race,MEDIUM,1,29,25,5,29,24,77.364,0.657,2.271,3,False,0.697,1.0
Canada,Alpine,GAS,Race,MEDIUM,1,29,24,6,29,23,77.614,0.755,2.912,4,False,0.6,1.0
Canada,Aston Martin,STR,Race,MEDIUM,51,64,12,2,14,12,79.424,0.917,3.147,3,True,0.176,0.682
Canada,Aston Martin,STR,Race,SOFT,16,28,11,2,13,11,79.862,0.955,2.96,1,False,0.582,0.65
Canada,Aston Martin,STR,Race,SOFT,31,42,10,18,28,10,80.13,0.936,3.007,0,False,0.701,0.618
Canada,Aston Martin,ALO,Race,SOFT,1,19,17,3,19,16,80.381,0.692,2.359,1,False,0.843,0.827
Canada,Aston Martin,STR,Race,SOFT,2,13,9,4,13,9,80.837,0.728,2.385,2,False,0.707,0.586
Canada,Audi,HUL,Race,MEDIUM,46,50,5,26,30,4,76.624,0.313,0.817,0,False,1.0,0.268
Canada,Audi,BOR,Race,MEDIUM,46,50,5,28,32,4,76.657,0.224,0.541,2,False,0.8,0.227
Canada,Audi,BOR,Race,MEDIUM,32,43,12,14,25,11,76.773,0.74,2.389,3,False,0.615,0.668
Canada,Audi,BOR,Race,MEDIUM,53,66,13,35,48,13,76.799,0.378,1.298,1,False,0.9,0.608
Canada,Audi,HUL,Race,MEDIUM,32,43,12,12,23,11,76.844,0.518,1.81,2,False,0.8,0.64
Canada,Audi,HUL,Race,MEDIUM,53,66,12,33,45,12,76.953,0.587,2.168,1,False,0.9,0.682
Canada,Audi,HUL,Race,MEDIUM,22,28,7,2,8,6,77.633,0.253,0.812,1,False,0.9,0.331
Canada,Audi,BOR,Race,MEDIUM,20,28,9,2,10,8,77.711,0.8,2.624,2,False,0.636,0.573
Canada,Audi,HUL,Race,SOFT,4,19,14,7,21,14,78.049,0.742,2.799,1,False,0.793,0.745
Canada,Audi,BOR,Race,SOFT,4,17,13,3,15,12,78.353,0.608,2.142,1,False,0.9,0.7
Canada,Cadillac,PER,Race,SOFT,31,39,6,3,9,6,77.41,0.784,2.333,1,True,0.301,0.491
Canada,Cadillac,BOT,Race,MEDIUM,51,64,10,5,15,10,78.181,0.573,1.859,3,True,0.288,0.597
Canada,Cadillac,PER,Race,MEDIUM,17,28,12,2,13,11,78.47,0.576,1.871,1,False,0.9,0.649
Canada,Cadillac,PER,Race,SOFT,4,14,11,2,12,10,79.057,0.867,3.111,2,False,0.569,0.636
Canada,Cadillac,BOT,Race,SOFT,31,42,12,2,13,11,79.111,0.641,2.372,2,False,0.793,0.668
Canada,Cadillac,BOT,Race,MEDIUM,11,27,15,2,18,16,79.917,1.005,3.013,3,False,0.353,0.791
Canada,Ferrari,HAM,Race,MEDIUM,55,68,14,24,37,13,74.98,0.365,1.41,1,False,0.9,0.643
Canada,Ferrari,HAM,Race,MEDIUM,47,51,5,16,20,4,75.186,0.206,0.497,0,False,1.0,0.22
Canada,Ferrari,HAM,Race,MEDIUM,33,45,12,3,14,11,75.335,0.382,1.538,1,False,0.9,0.599
Canada,Ferrari,LEC,Race,MEDIUM,47,51,5,16,20,4,75.603,0.65,1.76,1,False,0.884,0.409
Canada,Ferrari,LEC,Race,MEDIUM,33,45,13,2,14,12,75.612,0.683,2.322,2,False,0.751,0.7
Canada,Ferrari,LEC,Race,MEDIUM,54,68,15,23,37,14,75.981,0.719,2.52,2,False,0.716,0.764
Canada,Ferrari,HAM,Race,SOFT,1,29,25,7,32,25,76.42,0.529,2.032,3,False,0.72,1.0
Canada,Ferrari,LEC,Race,SOFT,1,29,25,8,33,25,76.461,0.58,2.546,4,False,0.72,1.0
Canada,Haas F1 Team,BEA,Race,MEDIUM,53,67,15,23,37,14,76.488,0.524,2.027,2,False,0.8,0.764
Canada,Haas F1 Team,BEA,Race,MEDIUM,46,50,5,16,20,4,76.695,0.436,1.162,1,False,0.9,0.32
Canada,Haas F1 Team,OCO,Race,SOFT,52,66,14,23,36,13,76.897,0.557,1.807,3,False,0.72,0.703
Canada,Haas F1 Team,BEA,Race,MEDIUM,32,44,13,2,14,12,77.257,1.034,3.047,1,False,0.504,0.7
Canada,Haas F1 Team,BEA,Race,SOFT,1,29,25,10,34,24,77.646,0.928,3.038,7,False,0.429,1.0
Canada,Haas F1 Team,OCO,Race,SOFT,32,43,10,2,13,11,77.862,0.789,2.83,0,False,0.847,0.632
Canada,Haas F1 Team,OCO,Race,MEDIUM,18,28,11,2,12,10,78.608,0.41,1.255,1,False,0.9,0.525
Canada,Haas F1 Team,OCO,Race,SOFT,45,49,5,15,19,4,78.854,0.876,2.431,0,False,0.76,0.445
Canada,Haas F1 Team,OCO,Race,SOFT,1,15,11,4,15,11,79.613,0.864,3.12,1,False,0.672,0.65
Canada,McLaren,PIA,Race,SOFT,53,66,14,6,19,13,76.391,0.911,3.014,2,False,0.526,0.732
Canada,McLaren,PIA,Race,MEDIUM,46,50,5,38,42,4,76.428,0.514,1.388,0,False,1.0,0.354
Canada,McLaren,NOR,Race,MEDIUM,32,38,7,20,26,6,76.514,0.914,2.973,1,True,0.249,0.509
Canada,McLaren,PIA,Race,MEDIUM,32,43,10,26,35,9,76.543,0.382,1.37,3,False,0.72,0.51
Canada,McLaren,NOR,Race,MEDIUM,17,29,13,5,17,12,76.877,0.787,2.882,2,False,0.649,0.7
Canada,McLaren,PIA,Race,MEDIUM,14,28,14,6,20,14,77.085,0.692,2.907,1,False,0.843,0.745
Canada,McLaren,NOR,Race,MEDIUM,4,14,10,3,12,9,77.806,0.765,2.542,0,False,0.87,0.605
Canada,McLaren,PIA,Race,MEDIUM,3,11,7,4,10,6,77.837,0.651,2.277,3,False,0.703,0.509
Canada,Mercedes,ANT,Race,MEDIUM,55,68,14,24,37,13,74.748,0.354,1.203,0,False,1.0,0.612
Canada,Mercedes,ANT,Race,MEDIUM,47,52,6,16,21,5,74.852,0.475,1.511,1,False,0.9,0.404
Canada,Mercedes,ANT,Race,MEDIUM,33,45,11,3,14,11,75.29,0.423,1.476,3,False,0.72,0.571
Canada,Mercedes,ANT,Race,SOFT,1,30,26,8,34,26,76.009,0.728,2.563,3,False,0.627,1.0
Canada,Mercedes,RUS,Race,SOFT,1,29,26,7,32,25,76.232,0.625,2.468,1,True,0.36,1.0
Canada,Racing Bulls,LAW,Race,SOFT,53,67,14,24,37,13,76.091,0.533,2.258,2,False,0.8,0.732
Canada,Racing Bulls,LAW,Race,SOFT,32,44,12,3,14,11,77.001,0.555,1.835,2,False,0.8,0.643
Canada,Racing Bulls,LAW,Race,MEDIUM,1,29,26,4,29,25,77.859,0.676,2.86,4,False,0.678,1.0
Canada,Red Bull Racing,HAD,Race,SOFT,54,61,8,6,13,7,75.106,0.878,2.866,2,False,0.558,0.541
Canada,Red Bull Racing,VER,Race,MEDIUM,55,68,14,24,37,13,75.125,0.432,1.552,0,False,1.0,0.665
Canada,Red Bull Racing,VER,Race,MEDIUM,47,51,5,16,20,4,75.476,0.189,0.514,1,False,0.9,0.223
Canada,Red Bull Racing,HAD,Race,MEDIUM,47,51,5,16,20,4,75.575,0.525,1.377,1,False,0.9,0.352
Canada,Red Bull Racing,VER,Race,MEDIUM,33,45,12,3,14,11,75.607,0.54,1.838,3,False,0.72,0.644
Canada,Red Bull Racing,HAD,Race,MEDIUM,33,45,12,3,14,11,75.765,0.574,1.989,1,False,0.9,0.667
Canada,Red Bull Racing,VER,Race,SOFT,1,30,27,9,35,26,76.352,0.431,1.997,3,False,0.72,1.0
Canada,Red Bull Racing,HAD,Race,SOFT,1,29,26,8,33,25,76.595,0.632,2.807,4,False,0.72,1.0
Canada,Williams,SAI,Race,MEDIUM,53,67,14,23,37,14,76.416,0.562,1.91,1,False,0.9,0.732
Canada,Williams,SAI,Race,MEDIUM,46,50,5,16,20,4,76.467,0.246,0.671,1,False,0.9,0.246
Canada,Williams,SAI,Race,MEDIUM,32,44,12,3,14,11,77.0,0.98,2.558,2,False,0.457,0.668
Canada,Williams,SAI,Race,MEDIUM,4,29,25,11,35,24,77.224,0.584,2.306,5,False,0.72,1.0
Canada,Williams,ALB,Race,SOFT,1,11,7,5,11,6,78.638,0.864,2.312,0,True,0.309,0.509
Canada,Alpine,COL,Sprint,MEDIUM,2,23,22,10,31,21,76.067,0.494,2.314,1,False,0.9,0.986
Canada,Alpine,GAS,Sprint,MEDIUM,2,18,17,2,18,16,76.88,0.602,2.22,2,False,0.774,0.827
Canada,Aston Martin,STR,Sprint,SOFT,2,22,21,2,22,20,77.977,0.84,3.577,2,False,0.585,0.955
Canada,Aston Martin,ALO,Sprint,MEDIUM,2,14,13,6,18,12,78.417,0.499,1.716,0,False,1.0,0.657
Canada,Audi,HUL,Sprint,MEDIUM,2,23,22,8,29,21,77.223,0.772,2.892,2,False,0.639,0.986
Canada,Audi,BOR,Sprint,MEDIUM,2,23,22,9,30,21,77.243,0.903,4.213,1,False,0.634,0.986
Canada,Cadillac,PER,Sprint,SOFT,2,23,22,2,23,21,77.16,0.398,1.504,1,False,0.9,0.912
Canada,Cadillac,BOT,Sprint,SOFT,2,22,21,2,22,20,78.329,1.219,5.166,2,False,0.282,0.955
Canada,Ferrari,HAM,Sprint,MEDIUM,2,23,22,2,23,21,75.233,0.635,2.967,3,False,0.668,0.986
Canada,Ferrari,LEC,Sprint,MEDIUM,2,23,22,2,23,21,75.278,0.459,1.488,0,False,1.0,0.91
Canada,Haas F1 Team,BEA,Sprint,MEDIUM,2,17,16,11,26,15,77.147,0.811,3.087,5,False,0.528,0.795
Canada,Haas F1 Team,OCO,Sprint,MEDIUM,2,23,22,9,30,21,77.262,0.965,4.67,3,False,0.405,0.986
Canada,McLaren,NOR,Sprint,MEDIUM,2,23,22,2,23,21,74.93,0.348,1.372,3,False,0.72,0.892
Canada,McLaren,PIA,Sprint,MEDIUM,2,23,22,2,23,21,75.154,0.507,2.157,3,False,0.72,0.986
Canada,Mercedes,RUS,Sprint,MEDIUM,2,23,22,8,29,21,74.891,0.505,2.497,1,False,0.9,0.986
Canada,Mercedes,ANT,Sprint,MEDIUM,2,23,22,8,29,21,74.904,0.928,4.615,2,False,0.514,0.986
Canada,Racing Bulls,LIN,Sprint,HARD,2,23,22,2,23,21,75.998,0.381,1.752,5,False,0.72,0.949
Canada,Racing Bulls,LAW,Sprint,MEDIUM,2,23,22,2,23,21,77.148,0.753,3.154,2,False,0.654,0.986
Canada,Red Bull Racing,HAD,Sprint,SOFT,11,20,10,7,16,9,75.187,0.383,1.235,2,False,0.8,0.49
Canada,Red Bull Racing,VER,Sprint,MEDIUM,2,23,22,2,23,21,75.31,0.746,3.671,5,False,0.58,0.986
Canada,Williams,SAI,Sprint,MEDIUM,2,23,22,2,23,21,76.434,0.394,1.435,0,False,1.0,0.902
Canada,Williams,ALB,Sprint,SOFT,16,22,4,2,8,6,76.522,1.039,2.731,1,False,0.526,0.455
Canada,Williams,ALB,Sprint,MEDIUM,2,13,12,2,13,11,77.418,0.897,2.988,1,False,0.639,0.668
Cina,Alpine,GAS,FP,MEDIUM,13,18,6,13,18,5,98.074,0.345,0.818,2,False,0.8,0.3
Cina,Alpine,COL,FP,MEDIUM,13,18,6,13,18,5,98.614,0.263,0.729,0,False,1.0,0.287
Cina,Audi,BOR,FP,MEDIUM,11,17,4,12,17,5,98.527,1.159,3.063,1,False,0.792,0.441
Cina,Cadillac,BOT,FP,MEDIUM,10,16,6,10,16,6,99.515,1.27,4.022,1,False,0.759,0.491
Cina,Haas F1 Team,BEA,FP,MEDIUM,10,17,6,11,17,6,97.535,0.527,1.516,1,False,0.9,0.418
Cina,Haas F1 Team,OCO,FP,MEDIUM,12,15,4,12,15,3,97.723,0.346,0.877,1,False,0.9,0.245
Cina,McLaren,PIA,FP,MEDIUM,11,18,6,12,18,6,96.631,0.942,3.121,2,False,0.756,0.491
Cina,McLaren,NOR,FP,MEDIUM,15,19,5,15,19,4,97.795,1.035,2.84,1,False,0.828,0.445
Cina,Mercedes,ANT,FP,MEDIUM,10,18,9,10,18,8,96.222,0.493,1.651,3,False,0.72,0.52
Cina,Mercedes,RUS,FP,MEDIUM,10,18,9,10,18,8,96.393,0.636,2.092,1,False,0.9,0.573
Cina,Racing Bulls,LAW,FP,MEDIUM,13,19,7,13,19,6,99.343,0.452,1.526,2,False,0.8,0.438
Cina,Red Bull Racing,VER,FP,MEDIUM,9,15,7,9,15,6,99.627,0.557,1.695,0,False,1.0,0.463
Cina,Red Bull Racing,HAD,FP,MEDIUM,9,18,10,9,18,9,101.168,1.657,6.259,3,False,0.465,0.605
Cina,Williams,ALB,FP,MEDIUM,15,20,6,15,20,5,98.303,0.429,1.262,2,False,0.8,0.367
Cina,Alpine,GAS,Race,HARD,14,56,42,5,46,41,97.203,0.867,2.999,7,False,0.489,1.0
Cina,Alpine,COL,Race,MEDIUM,34,55,22,2,23,21,97.437,0.72,2.826,3,False,0.635,0.986
Cina,Alpine,GAS,Race,MEDIUM,1,9,8,2,9,7,98.622,0.21,0.625,0,False,1.0,0.335
Cina,Alpine,COL,Race,HARD,14,31,18,14,31,17,98.776,0.584,2.304,0,False,1.0,0.859
Cina,Alpine,COL,Race,HARD,1,9,8,2,9,7,98.917,0.163,0.574,1,False,0.9,0.327
Cina,Aston Martin,ALO,Race,HARD,14,30,17,14,30,16,100.242,0.901,3.779,1,True,0.254,0.827
Cina,Aston Martin,STR,Race,HARD,1,9,8,2,9,7,101.083,0.41,0.971,3,True,0.288,0.387
Cina,Aston Martin,ALO,Race,HARD,1,9,8,2,9,7,101.609,0.499,1.82,3,False,0.72,0.514
Cina,Audi,HUL,Race,MEDIUM,37,55,19,2,20,18,97.116,0.685,2.583,2,False,0.75,0.891
Cina,Audi,HUL,Race,HARD,14,34,21,14,34,20,98.588,0.694,3.183,3,False,0.661,0.955
Cina,Audi,HUL,Race,HARD,1,9,8,2,9,7,99.327,0.836,2.859,1,False,0.7,0.541
Cina,Cadillac,BOT,Race,HARD,14,55,42,4,45,41,99.737,0.565,2.901,4,False,0.72,1.0
Cina,Cadillac,PER,Race,HARD,14,55,40,3,44,41,99.743,0.718,3.68,5,False,0.637,1.0
Cina,Cadillac,PER,Race,MEDIUM,1,9,8,2,9,7,101.022,0.325,1.224,2,False,0.8,0.425
Cina,Cadillac,BOT,Race,MEDIUM,1,9,8,2,9,7,101.303,0.456,1.551,0,False,1.0,0.474
Cina,Ferrari,HAM,Race,HARD,14,56,43,4,46,42,96.697,0.704,3.14,5,False,0.651,1.0
Cina,Ferrari,LEC,Race,HARD,14,56,43,4,46,42,96.767,0.702,3.84,4,False,0.653,1.0
Cina,Ferrari,LEC,Race,MEDIUM,1,9,9,1,9,8,98.13,0.993,3.27,2,False,0.445,0.573
Cina,Ferrari,HAM,Race,MEDIUM,1,9,9,1,9,8,98.234,0.626,1.925,2,False,0.8,0.561
Cina,Haas F1 Team,OCO,Race,SOFT,48,55,8,2,9,7,96.469,0.466,1.707,1,False,0.9,0.497
Cina,Haas F1 Team,BEA,Race,HARD,14,56,43,4,46,42,97.405,0.662,2.86,8,False,0.692,1.0
Cina,Haas F1 Team,OCO,Race,MEDIUM,31,45,14,2,16,14,98.016,0.718,2.832,5,False,0.637,0.745
Cina,Haas F1 Team,OCO,Race,HARD,14,28,15,14,28,14,98.7,0.685,2.5,3,False,0.67,0.764
Cina,Haas F1 Team,OCO,Race,HARD,1,9,8,2,9,7,99.05,0.273,0.978,3,False,0.72,0.388
Cina,Haas F1 Team,BEA,Race,MEDIUM,1,9,8,2,9,7,99.47,0.675,2.526,2,False,0.759,0.541
Cina,Mercedes,RUS,Race,HARD,14,56,42,5,46,41,96.132,0.779,3.51,3,False,0.576,1.0
Cina,Mercedes,ANT,Race,HARD,14,56,43,4,46,42,96.166,0.741,3.682,3,False,0.614,1.0
Cina,Mercedes,RUS,Race,MEDIUM,1,9,8,2,9,7,97.379,0.359,1.032,2,False,0.8,0.396
Cina,Mercedes,ANT,Race,MEDIUM,1,9,9,1,9,8,97.412,0.878,2.965,3,False,0.478,0.573
Cina,Racing Bulls,LIN,Race,MEDIUM,44,55,12,2,13,11,96.36,0.514,1.405,3,False,0.72,0.579
Cina,Racing Bulls,LAW,Race,HARD,14,56,43,5,47,42,97.959,0.745,3.683,1,False,0.79,1.0
Cina,Racing Bulls,LIN,Race,HARD,14,41,27,14,41,27,98.975,0.727,2.903,1,False,0.808,1.0
Cina,Racing Bulls,LIN,Race,HARD,1,9,8,2,9,7,99.379,0.573,1.851,2,False,0.8,0.519
Cina,Racing Bulls,LAW,Race,MEDIUM,1,8,7,2,8,6,99.709,0.378,1.108,1,False,0.9,0.375
Cina,Red Bull Racing,VER,Race,HARD,14,44,31,5,35,30,97.518,0.674,2.527,5,True,0.272,1.0
Cina,Red Bull Racing,HAD,Race,HARD,14,56,43,4,46,42,97.938,0.576,2.378,8,False,0.72,1.0
Cina,Red Bull Racing,HAD,Race,HARD,3,9,7,2,8,6,98.662,0.248,0.827,0,False,1.0,0.333
Cina,Red Bull Racing,VER,Race,SOFT,1,8,7,5,11,6,99.465,0.387,1.215,1,False,0.9,0.391
Cina,Williams,SAI,Race,HARD,14,55,42,5,46,41,98.621,0.587,2.503,4,False,0.72,1.0
Cina,Williams,SAI,Race,MEDIUM,1,8,7,2,8,6,99.987,0.542,1.755,2,False,0.8,0.472
Cina,Alpine,GAS,Sprint,MEDIUM,2,12,11,8,18,10,99.386,0.509,1.697,1,False,0.9,0.591
Cina,Alpine,COL,Sprint,MEDIUM,2,12,11,8,18,10,99.523,0.763,2.702,2,False,0.646,0.636
Cina,Aston Martin,ALO,Sprint,HARD,2,12,11,2,12,10,99.71,0.525,1.932,1,False,0.9,0.626
Cina,Aston Martin,STR,Sprint,MEDIUM,2,12,11,2,12,10,100.075,0.593,1.832,0,False,0.982,0.611
Cina,Audi,HUL,Sprint,MEDIUM,2,12,11,8,18,10,99.087,1.058,3.714,1,False,0.511,0.636
Cina,Audi,BOR,Sprint,MEDIUM,2,12,11,8,18,10,99.358,0.888,3.359,1,False,0.646,0.636
Cina,Cadillac,BOT,Sprint,MEDIUM,2,11,9,2,10,8,99.823,1.556,5.195,2,False,0.2,0.573
Cina,Cadillac,PER,Sprint,MEDIUM,2,12,11,2,12,10,100.219,0.896,2.917,2,False,0.54,0.636
Cina,Ferrari,LEC,Sprint,MEDIUM,2,12,11,6,16,10,97.535,0.423,1.561,4,False,0.72,0.571
Cina,Ferrari,HAM,Sprint,MEDIUM,2,12,11,7,17,10,97.614,0.332,1.048,3,False,0.72,0.494
Cina,Haas F1 Team,OCO,Sprint,MEDIUM,2,12,11,9,19,10,99.399,0.575,2.188,3,False,0.716,0.636
Cina,Haas F1 Team,BEA,Sprint,MEDIUM,2,12,11,8,18,10,99.562,0.502,1.84,1,False,0.9,0.612
Cina,McLaren,NOR,Sprint,MEDIUM,2,12,11,6,16,10,97.947,0.365,1.284,3,False,0.72,0.529
Cina,McLaren,PIA,Sprint,MEDIUM,2,12,11,6,16,10,98.039,0.459,1.467,1,False,0.9,0.556
Cina,Mercedes,RUS,Sprint,MEDIUM,2,12,11,5,15,10,96.96,0.585,1.803,2,False,0.788,0.607
Cina,Mercedes,ANT,Sprint,MEDIUM,2,12,11,5,15,10,97.251,0.496,1.752,2,False,0.8,0.599
Cina,Racing Bulls,LAW,Sprint,HARD,2,12,11,2,12,10,99.111,0.201,0.744,3,False,0.72,0.448
Cina,Racing Bulls,LIN,Sprint,MEDIUM,2,10,9,8,16,8,99.308,0.887,3.37,2,False,0.547,0.573
Cina,Red Bull Racing,VER,Sprint,MEDIUM,2,12,11,7,17,10,99.332,0.567,2.027,3,False,0.72,0.636
Cina,Red Bull Racing,HAD,Sprint,SOFT,2,12,11,5,15,10,99.458,0.7,2.465,3,False,0.616,0.636
Cina,Williams,ALB,Sprint,MEDIUM,2,12,11,2,12,10,99.268,0.713,2.612,1,False,0.786,0.636
Cina,Williams,SAI,Sprint,HARD,2,12,11,2,12,10,99.393,0.591,2.051,0,False,0.983,0.636
Giappone,Alpine,GAS,FP,HARD,2,9,4,2,9,7,93.206,0.597,1.569,0,False,1.0,0.404
Giappone,Alpine,COL,FP,MEDIUM,12,17,6,12,17,5,95.047,0.691,2.072,1,False,0.9,0.477
Giappone,Alpine,COL,FP,SOFT,18,23,5,8,12,4,95.264,2.076,5.937,1,False,0.522,0.445
Giappone,Alpine,COL,FP,HARD,6,9,4,6,9,3,95.545,0.321,0.858,0,False,1.0,0.242
Giappone,Alpine,GAS,FP,HARD,18,27,9,12,20,8,96.096,0.489,1.738,1,False,0.9,0.533
Giappone,Alpine,COL,FP,MEDIUM,16,26,10,10,19,9,96.826,0.244,0.679,0,False,1.0,0.406
Giappone,Alpine,GAS,FP,MEDIUM,19,24,5,15,19,4,98.272,0.431,0.941,2,False,0.8,0.287
Giappone,Aston Martin,ALO,FP,SOFT,19,23,4,7,10,3,98.636,0.166,0.41,1,False,0.9,0.175
Giappone,Audi,HUL,FP,MEDIUM,2,9,4,2,9,7,91.963,0.396,0.995,0,False,1.0,0.317
Giappone,Audi,BOR,FP,HARD,4,11,4,5,11,6,94.427,1.653,4.371,1,False,0.646,0.455
Giappone,Audi,BOR,FP,SOFT,14,26,8,3,13,10,95.022,1.345,4.373,3,False,0.557,0.582
Giappone,Audi,HUL,FP,MEDIUM,19,25,6,10,15,5,96.108,0.699,2.154,1,False,0.9,0.477
Giappone,Audi,HUL,FP,HARD,14,19,6,9,14,5,96.443,0.436,1.41,1,False,0.9,0.389
Giappone,Cadillac,BOT,FP,HARD,2,8,4,2,8,6,96.437,1.185,2.826,0,False,0.884,0.455
Giappone,Cadillac,BOT,FP,MEDIUM,15,26,11,9,19,10,98.054,0.204,0.659,2,False,0.8,0.435
Giappone,Cadillac,PER,FP,HARD,7,12,5,2,6,4,98.115,0.187,0.572,2,False,0.8,0.231
Giappone,Cadillac,BOT,FP,HARD,18,23,5,11,15,4,100.263,0.528,1.409,0,False,1.0,0.357
Giappone,Ferrari,LEC,FP,HARD,2,7,4,2,7,5,93.672,1.937,4.986,1,False,0.563,0.441
Giappone,Ferrari,HAM,FP,HARD,2,8,4,2,7,5,94.733,1.549,3.9,0,False,0.777,0.441
Giappone,Ferrari,LEC,FP,MEDIUM,18,26,8,9,16,7,95.388,1.296,4.184,2,False,0.651,0.541
Giappone,Ferrari,LEC,FP,SOFT,20,24,4,10,13,3,95.635,0.49,1.106,0,False,1.0,0.28
Giappone,Ferrari,HAM,FP,MEDIUM,21,25,4,12,15,3,96.456,1.802,4.578,1,False,0.602,0.414
Giappone,Haas F1 Team,OCO,FP,MEDIUM,2,8,4,2,8,6,93.37,0.546,1.377,1,False,0.9,0.361
Giappone,Haas F1 Team,OCO,FP,HARD,3,9,4,3,9,6,94.317,1.332,3.517,1,False,0.741,0.455
Giappone,Haas F1 Team,OCO,FP,MEDIUM,17,28,11,11,21,10,96.17,1.104,4.078,1,False,0.808,0.636
Giappone,Haas F1 Team,OCO,FP,HARD,18,22,4,12,15,3,96.217,0.13,0.336,0,False,1.0,0.164
Giappone,Haas F1 Team,BEA,FP,MEDIUM,15,26,11,9,19,10,96.312,0.295,1.124,1,False,0.9,0.505
Giappone,Haas F1 Team,BEA,FP,SOFT,18,26,7,8,14,6,97.207,0.64,2.085,1,False,0.9,0.509
Giappone,McLaren,NOR,FP,MEDIUM,3,10,4,3,10,7,92.834,0.902,2.319,1,False,0.868,0.468
Giappone,McLaren,NOR,FP,SOFT,13,19,5,3,8,5,93.965,0.976,2.708,1,False,0.846,0.459
Giappone,McLaren,PIA,FP,MEDIUM,17,24,8,9,16,7,95.808,0.741,2.309,0,False,1.0,0.541
Giappone,McLaren,PIA,FP,MEDIUM,18,22,4,12,15,3,96.292,1.337,3.16,1,False,0.739,0.414
Giappone,Mercedes,ANT,FP,MEDIUM,16,23,7,10,17,7,94.557,0.476,1.5,2,False,0.8,0.448
Giappone,Mercedes,RUS,FP,MEDIUM,18,24,7,11,17,6,94.943,0.371,1.044,0,False,1.0,0.366
Giappone,Mercedes,RUS,FP,HARD,17,23,7,10,16,6,95.56,0.191,0.633,0,False,1.0,0.304
Giappone,Mercedes,ANT,FP,SOFT,17,22,6,8,13,5,95.988,0.698,1.799,1,False,0.9,0.447
Giappone,Racing Bulls,LAW,FP,MEDIUM,2,10,4,2,10,8,91.586,0.207,0.438,0,False,1.0,0.248
Giappone,Racing Bulls,LAW,FP,MEDIUM,23,28,4,17,20,3,96.816,0.598,1.483,1,False,0.9,0.336
Giappone,Racing Bulls,LAW,FP,MEDIUM,18,21,4,11,14,3,96.937,0.206,0.573,0,False,1.0,0.2
Giappone,Racing Bulls,LAW,FP,SOFT,21,26,5,10,14,4,97.48,0.541,1.563,0,False,1.0,0.38
Giappone,Red Bull Racing,HAD,FP,MEDIUM,2,11,7,2,11,9,93.313,1.633,5.12,0,False,0.752,0.55
Giappone,Red Bull Racing,VER,FP,HARD,13,27,14,10,23,13,96.126,1.018,3.5,4,False,0.653,0.732
Giappone,Red Bull Racing,HAD,FP,HARD,17,27,10,11,20,9,96.179,1.469,4.057,4,False,0.52,0.605
Giappone,Red Bull Racing,VER,FP,MEDIUM,16,26,10,10,19,9,96.687,0.382,1.382,1,False,0.9,0.512
Giappone,Williams,SAI,FP,MEDIUM,2,8,4,2,8,6,94.056,0.656,1.736,0,False,1.0,0.415
Giappone,Williams,SAI,FP,MEDIUM,11,16,6,11,16,5,94.6,0.305,1.028,2,False,0.8,0.331
Giappone,Williams,ALB,FP,HARD,3,12,4,3,11,8,94.864,0.92,2.274,0,False,0.962,0.482
Giappone,Williams,SAI,FP,MEDIUM,21,25,4,11,14,3,95.01,0.264,0.739,0,False,1.0,0.224
Giappone,Williams,ALB,FP,MEDIUM,17,25,9,12,20,8,97.22,0.242,0.897,1,False,0.9,0.407
Giappone,Williams,SAI,FP,HARD,16,25,9,12,21,9,97.378,2.053,6.629,2,False,0.428,0.586
Giappone,Alpine,GAS,Race,HARD,28,53,26,6,31,25,94.04,0.429,2.121,3,False,0.72,1.0
Giappone,Alpine,COL,Race,HARD,28,53,26,11,36,25,95.13,0.537,2.161,3,False,0.72,1.0
Giappone,Alpine,GAS,Race,MEDIUM,1,21,20,2,21,19,95.831,0.187,0.707,1,False,0.9,0.729
Giappone,Alpine,COL,Race,MEDIUM,1,16,15,2,16,14,96.702,0.274,0.929,1,False,0.9,0.603
Giappone,Aston Martin,ALO,Race,MEDIUM,28,52,25,5,29,24,97.337,0.653,2.886,2,False,0.781,1.0
Giappone,Aston Martin,STR,Race,MEDIUM,1,20,19,2,20,18,98.426,0.245,1.17,1,False,0.9,0.766
Giappone,Aston Martin,ALO,Race,MEDIUM,1,20,19,2,20,18,98.517,0.229,1.023,1,False,0.9,0.744
Giappone,Audi,HUL,Race,HARD,28,53,26,5,30,25,94.531,0.877,3.088,4,False,0.479,1.0
Giappone,Audi,BOR,Race,HARD,28,53,26,6,31,25,95.017,0.624,2.743,4,False,0.72,1.0
Giappone,Audi,HUL,Race,MEDIUM,1,21,20,2,21,19,96.581,0.653,2.444,1,False,0.881,0.923
Giappone,Audi,BOR,Race,MEDIUM,1,21,20,2,21,19,96.632,0.636,3.099,1,False,0.898,0.923
Giappone,Cadillac,PER,Race,HARD,28,53,26,7,32,25,96.227,0.29,1.351,4,False,0.72,0.903
Giappone,Cadillac,BOT,Race,MEDIUM,28,52,24,9,33,24,97.062,0.621,2.949,3,False,0.72,1.0
Giappone,Cadillac,PER,Race,MEDIUM,1,20,19,2,20,18,97.961,0.329,1.483,5,False,0.72,0.813
Giappone,Cadillac,BOT,Race,HARD,1,18,17,2,18,16,98.823,0.823,3.702,1,False,0.713,0.827
Giappone,Ferrari,LEC,Race,HARD,28,53,26,11,36,25,93.471,0.499,2.653,2,False,0.8,1.0
Giappone,Ferrari,HAM,Race,HARD,28,53,26,6,31,25,93.719,0.58,2.912,5,False,0.72,1.0
Giappone,Ferrari,LEC,Race,MEDIUM,1,16,16,1,16,15,95.296,0.423,1.476,3,False,0.72,0.717
Giappone,Ferrari,HAM,Race,MEDIUM,1,21,21,1,21,20,95.355,0.703,3.51,1,False,0.832,0.955
Giappone,Haas F1 Team,OCO,Race,HARD,28,53,26,9,34,25,94.779,0.424,2.384,6,False,0.72,1.0
Giappone,Haas F1 Team,OCO,Race,MEDIUM,1,18,17,2,18,16,96.55,0.36,1.635,3,False,0.72,0.773
Giappone,Haas F1 Team,BEA,Race,MEDIUM,1,15,14,2,15,13,96.764,0.451,1.499,2,False,0.8,0.657
Giappone,McLaren,PIA,Race,HARD,28,53,26,10,35,25,93.476,0.261,1.318,3,False,0.72,0.898
Giappone,McLaren,NOR,Race,HARD,28,53,26,12,37,25,93.613,0.508,2.04,4,False,0.72,1.0
Giappone,McLaren,PIA,Race,MEDIUM,1,17,17,1,17,16,95.095,0.236,1.022,1,False,0.9,0.681
Giappone,McLaren,NOR,Race,MEDIUM,1,15,15,1,15,14,95.315,0.597,2.301,3,False,0.72,0.764
Giappone,Mercedes,ANT,Race,HARD,28,53,26,6,31,25,92.918,0.359,1.631,6,False,0.72,0.945
Giappone,Mercedes,RUS,Race,HARD,28,53,26,7,32,25,93.469,0.565,2.693,3,False,0.72,1.0
Giappone,Mercedes,RUS,Race,MEDIUM,1,20,20,1,20,19,95.01,0.7,3.354,2,False,0.735,0.923
Giappone,Mercedes,ANT,Race,MEDIUM,1,21,20,2,21,19,95.095,0.548,2.216,1,False,0.9,0.923
Giappone,Racing Bulls,LAW,Race,HARD,28,53,26,6,31,25,94.795,0.38,2.146,4,False,0.72,1.0
Giappone,Racing Bulls,LIN,Race,HARD,28,53,26,10,35,25,94.879,0.525,2.107,4,False,0.72,1.0
Giappone,Racing Bulls,LIN,Race,MEDIUM,1,17,16,2,17,15,96.513,0.738,2.67,3,False,0.617,0.795
Giappone,Racing Bulls,LAW,Race,MEDIUM,1,21,20,2,21,19,96.672,0.284,1.078,1,False,0.9,0.784
Giappone,Red Bull Racing,VER,Race,HARD,28,53,26,6,31,25,93.981,0.486,2.459,3,False,0.72,1.0
Giappone,Red Bull Racing,HAD,Race,HARD,28,53,26,9,34,25,94.823,0.666,2.539,1,False,0.868,1.0
Giappone,Red Bull Racing,VER,Race,MEDIUM,1,21,20,2,21,19,95.741,0.378,1.387,3,False,0.72,0.831
Giappone,Red Bull Racing,HAD,Race,MEDIUM,1,18,17,2,18,16,96.672,0.697,2.675,2,False,0.738,0.827
Giappone,Williams,SAI,Race,HARD,28,53,26,6,31,25,95.089,0.51,2.019,7,False,0.72,1.0
Giappone,Williams,ALB,Race,HARD,28,44,17,6,22,16,95.464,0.561,1.891,2,False,0.8,0.811
Giappone,Williams,SAI,Race,MEDIUM,1,21,20,2,21,19,96.893,0.461,1.421,0,False,1.0,0.836
Giappone,Williams,ALB,Race,MEDIUM,1,21,20,2,21,19,97.043,0.374,1.659,1,False,0.9,0.872
Miami,Alpine,GAS,FP,HARD,12,23,7,13,23,10,93.915,1.303,4.141,3,False,0.569,0.564
Miami,Alpine,COL,FP,HARD,14,23,10,14,23,9,94.413,0.908,2.838,2,False,0.766,0.605
Miami,Aston Martin,ALO,FP,SOFT,10,19,5,3,11,8,92.963,1.333,2.87,2,False,0.641,0.5
Miami,Aston Martin,STR,FP,HARD,3,8,4,3,8,5,95.828,1.23,2.801,0,False,0.871,0.441
Miami,Audi,HUL,FP,HARD,2,8,4,2,8,6,92.834,0.109,0.243,0,False,1.0,0.191
Miami,Audi,BOR,FP,HARD,2,11,4,3,11,8,93.732,0.436,1.073,1,False,0.9,0.343
Miami,Audi,HUL,FP,HARD,17,24,8,17,24,7,94.633,0.539,1.795,1,False,0.9,0.51
Miami,Cadillac,PER,FP,MEDIUM,9,16,8,9,16,7,97.231,0.267,0.714,1,False,0.9,0.348
Miami,Cadillac,BOT,FP,MEDIUM,12,19,8,12,19,7,97.81,0.744,2.009,0,False,1.0,0.541
Miami,Ferrari,LEC,FP,HARD,21,29,9,21,29,8,93.424,0.388,1.211,0,False,1.0,0.454
Miami,Ferrari,HAM,FP,HARD,19,27,9,19,27,8,93.605,0.3,1.071,1,False,0.9,0.433
Miami,Haas F1 Team,OCO,FP,HARD,14,22,9,14,22,8,94.551,0.465,1.695,1,False,0.9,0.527
Miami,Haas F1 Team,BEA,FP,HARD,14,23,10,14,23,9,94.768,0.381,1.148,2,False,0.8,0.477
Miami,McLaren,PIA,FP,HARD,16,23,8,3,10,7,93.889,0.905,2.765,0,False,0.967,0.541
Miami,McLaren,NOR,FP,HARD,18,25,8,18,25,7,94.329,0.475,1.655,1,False,0.9,0.489
Miami,Mercedes,RUS,FP,HARD,13,23,10,13,23,10,93.047,0.301,1.076,1,False,0.9,0.48
Miami,Mercedes,ANT,FP,HARD,11,23,13,11,23,12,93.058,0.728,2.332,4,False,0.72,0.7
Miami,Racing Bulls,LAW,FP,HARD,2,10,4,2,10,8,92.716,1.131,2.804,1,False,0.8,0.482
Miami,Racing Bulls,LAW,FP,HARD,16,27,12,16,27,11,95.832,0.452,1.739,1,False,0.9,0.629
Miami,Racing Bulls,LIN,FP,HARD,17,23,7,17,23,6,96.918,0.526,1.763,1,False,0.9,0.474
Miami,Red Bull Racing,VER,FP,MEDIUM,15,29,15,8,22,14,93.728,0.312,1.226,3,False,0.72,0.648
Miami,Red Bull Racing,HAD,FP,MEDIUM,16,29,14,8,21,13,94.613,0.651,2.516,1,False,0.9,0.732
Miami,Williams,ALB,FP,HARD,2,8,4,2,8,6,92.805,0.993,2.638,1,False,0.841,0.455
Miami,Williams,SAI,FP,HARD,20,28,8,20,28,8,94.593,1.25,4.637,2,False,0.665,0.555
Miami,Williams,ALB,FP,HARD,24,30,7,24,30,6,94.937,0.288,0.926,1,False,0.9,0.348
Miami,Alpine,COL,Race,HARD,33,57,25,2,26,24,93.528,0.303,1.141,0,False,1.0,0.871
Miami,Alpine,COL,Race,MEDIUM,12,30,19,12,30,18,94.275,0.305,1.193,2,False,0.8,0.77
Miami,Aston Martin,STR,Race,SOFT,39,56,18,2,19,17,95.124,0.611,2.663,2,False,0.8,0.859
Miami,Aston Martin,ALO,Race,SOFT,43,56,13,2,15,13,95.159,0.827,3.253,3,False,0.529,0.714
Miami,Aston Martin,STR,Race,SOFT,23,36,14,5,18,13,95.834,0.822,3.31,2,False,0.614,0.732
Miami,Aston Martin,ALO,Race,MEDIUM,12,40,29,12,40,28,96.451,0.425,2.073,3,False,0.72,1.0
Miami,Aston Martin,STR,Race,MEDIUM,12,20,8,12,20,8,96.716,0.398,1.357,0,False,1.0,0.458
Miami,Audi,BOR,Race,HARD,34,56,23,2,24,22,94.035,0.515,2.243,1,False,0.9,1.0
Miami,Audi,BOR,Race,MEDIUM,12,31,20,12,31,19,95.228,0.536,2.507,1,False,0.9,0.923
Miami,Cadillac,PER,Race,HARD,31,56,26,2,27,25,95.821,0.797,2.967,1,False,0.739,1.0
Miami,Cadillac,BOT,Race,MEDIUM,23,29,7,2,8,6,96.481,0.363,1.186,1,False,0.9,0.387
Miami,Cadillac,PER,Race,MEDIUM,12,28,17,12,28,16,96.498,0.205,0.737,2,False,0.8,0.638
Miami,Cadillac,BOT,Race,SOFT,12,20,9,6,14,8,96.61,0.497,1.824,1,False,0.9,0.546
Miami,Cadillac,BOT,Race,MEDIUM,32,55,23,11,34,23,98.08,1.041,3.541,4,False,0.317,1.0
Miami,Ferrari,LEC,Race,HARD,23,57,34,2,35,33,92.931,0.418,1.696,5,False,0.72,0.954
Miami,Ferrari,HAM,Race,HARD,29,57,29,2,30,28,93.34,0.639,2.274,7,False,0.715,1.0
Miami,Ferrari,LEC,Race,MEDIUM,12,20,9,12,20,8,93.689,0.679,2.579,3,False,0.675,0.573
Miami,Ferrari,LEC,Race,MEDIUM,1,5,5,1,5,4,93.697,1.112,3.058,1,False,0.427,0.445
Miami,Ferrari,HAM,Race,MEDIUM,12,26,15,12,26,14,94.057,0.361,1.43,3,False,0.72,0.678
Miami,Haas F1 Team,BEA,Race,HARD,28,56,28,2,30,28,94.357,0.432,2.152,6,False,0.72,1.0
Miami,Haas F1 Team,OCO,Race,HARD,33,56,24,2,25,23,94.434,0.573,2.967,4,False,0.72,1.0
Miami,Haas F1 Team,BEA,Race,MEDIUM,12,25,14,12,25,13,95.106,0.411,1.912,2,False,0.8,0.719
Miami,Haas F1 Team,OCO,Race,MEDIUM,12,30,19,12,30,18,95.213,0.294,1.308,1,False,0.9,0.787
Miami,McLaren,NOR,Race,HARD,29,57,29,2,30,28,92.428,0.355,1.605,2,False,0.8,0.941
Miami,McLaren,PIA,Race,HARD,30,57,28,2,29,27,92.637,0.555,2.308,7,False,0.72,1.0
Miami,McLaren,NOR,Race,MEDIUM,12,26,15,12,26,14,93.04,0.183,0.828,3,False,0.72,0.588
Miami,McLaren,PIA,Race,MEDIUM,12,27,16,12,27,15,93.731,0.366,1.361,2,False,0.8,0.7
Miami,Mercedes,ANT,Race,HARD,28,57,30,2,31,29,92.365,0.26,1.124,5,False,0.72,0.869
Miami,Mercedes,ANT,Race,MEDIUM,12,25,14,12,25,13,93.069,0.217,0.879,2,False,0.8,0.564
Miami,Mercedes,RUS,Race,HARD,22,57,35,2,37,35,93.261,0.581,2.506,3,False,0.72,1.0
Miami,Mercedes,RUS,Race,MEDIUM,12,19,8,12,19,7,93.846,0.436,1.456,1,False,0.9,0.459
Miami,Racing Bulls,LIN,Race,HARD,30,56,25,2,27,25,94.676,0.596,3.285,4,False,0.72,1.0
Miami,Racing Bulls,LIN,Race,MEDIUM,12,27,16,12,27,15,95.952,0.387,1.632,4,False,0.72,0.74
Miami,Red Bull Racing,VER,Race,HARD,12,57,46,6,51,45,93.641,0.644,2.763,5,False,0.71,1.0
Miami,Williams,SAI,Race,HARD,30,57,28,2,29,27,93.996,0.31,1.529,4,False,0.72,0.929
Miami,Williams,ALB,Race,HARD,29,57,29,2,30,28,94.29,0.179,0.777,3,False,0.72,0.817
Miami,Williams,SAI,Race,MEDIUM,12,27,16,12,27,15,94.809,0.478,2.158,4,False,0.72,0.795
Miami,Williams,ALB,Race,MEDIUM,12,26,15,12,26,14,95.119,0.425,1.74,4,False,0.72,0.725
Miami,Alpine,GAS,Sprint,MEDIUM,2,19,18,2,19,17,93.665,0.374,1.202,0,False,1.0,0.739
Miami,Alpine,COL,Sprint,MEDIUM,2,19,18,2,19,17,93.95,0.571,2.638,2,False,0.799,0.859
Miami,Aston Martin,ALO,Sprint,SOFT,2,19,18,2,19,17,95.829,0.703,2.614,0,False,0.894,0.859
Miami,Aston Martin,STR,Sprint,SOFT,2,19,18,2,19,17,95.88,0.659,2.206,0,False,0.929,0.859
Miami,Audi,BOR,Sprint,MEDIUM,2,19,18,8,25,17,94.48,0.299,1.183,3,False,0.72,0.737
Miami,Cadillac,PER,Sprint,HARD,2,19,18,2,19,17,95.851,0.536,2.364,3,False,0.72,0.859
Miami,Cadillac,BOT,Sprint,HARD,2,19,18,2,19,17,96.631,0.372,1.431,1,False,0.9,0.774
Miami,Ferrari,LEC,Sprint,MEDIUM,2,19,18,2,19,17,92.425,0.338,1.286,3,False,0.72,0.752
Miami,Ferrari,HAM,Sprint,MEDIUM,2,19,18,2,19,17,92.978,0.84,3.763,1,False,0.685,0.859
Miami,Haas F1 Team,BEA,Sprint,MEDIUM,2,19,18,5,22,17,95.0,0.444,2.064,1,False,0.9,0.859
Miami,Haas F1 Team,OCO,Sprint,MEDIUM,2,19,18,5,22,17,95.007,0.275,0.903,0,False,1.0,0.695
Miami,McLaren,NOR,Sprint,MEDIUM,2,19,18,2,19,17,92.219,0.268,1.029,1,False,0.9,0.713
Miami,McLaren,PIA,Sprint,MEDIUM,2,19,18,2,19,17,92.437,0.186,0.757,1,False,0.9,0.673
Miami,Mercedes,ANT,Sprint,MEDIUM,2,19,18,2,19,17,92.571,0.384,1.574,2,False,0.8,0.795
Miami,Mercedes,RUS,Sprint,MEDIUM,2,19,18,2,19,17,92.692,0.471,1.898,2,False,0.8,0.844
Miami,Racing Bulls,LAW,Sprint,MEDIUM,2,19,18,2,19,17,94.575,0.984,3.311,4,False,0.39,0.859
Miami,Red Bull Racing,VER,Sprint,MEDIUM,2,19,18,5,22,17,92.623,0.762,3.479,1,False,0.747,0.859
Miami,Red Bull Racing,HAD,Sprint,MEDIUM,2,19,18,8,25,17,93.727,0.441,1.537,5,False,0.72,0.79
Miami,Williams,ALB,Sprint,MEDIUM,15,19,5,8,12,4,93.514,0.069,0.19,1,False,0.9,0.174
Miami,Williams,ALB,Sprint,MEDIUM,2,12,11,8,18,10,94.682,0.822,2.539,0,False,0.799,0.636
Miami,Williams,SAI,Sprint,MEDIUM,2,19,18,8,25,17,94.966,0.49,1.809,1,False,0.9,0.83
Monaco,Alpine,GAS,FP,SOFT,11,24,6,3,15,12,74.866,0.467,1.45,1,False,0.9,0.49
Monaco,Alpine,GAS,FP,SOFT,2,14,6,3,14,11,74.933,0.795,2.331,1,False,0.899,0.559
Monaco,Alpine,COL,FP,SOFT,2,15,7,3,14,11,75.83,0.914,2.837,1,False,0.864,0.577
Monaco,Alpine,GAS,FP,HARD,2,18,9,3,18,15,77.361,1.208,3.66,2,False,0.677,0.668
Monaco,Alpine,GAS,FP,MEDIUM,27,31,5,11,15,4,77.926,1.591,4.413,1,False,0.665,0.445
Monaco,Alpine,COL,FP,MEDIUM,22,25,4,12,15,3,78.211,0.85,2.117,1,False,0.883,0.414
Monaco,Alpine,COL,FP,HARD,2,20,13,3,20,17,78.505,0.67,2.232,0,False,1.0,0.768
Monaco,Aston Martin,STR,FP,SOFT,17,26,6,3,11,8,76.317,0.44,1.25,2,False,0.8,0.406
Monaco,Aston Martin,ALO,FP,SOFT,2,10,4,3,10,7,76.683,2.017,4.818,1,False,0.539,0.468
Monaco,Aston Martin,STR,FP,MEDIUM,3,12,6,3,12,9,78.499,1.157,3.578,1,False,0.792,0.532
Monaco,Aston Martin,ALO,FP,HARD,6,11,4,6,10,4,78.903,1.4,3.781,1,False,0.721,0.427
Monaco,Audi,BOR,FP,SOFT,9,16,4,9,16,7,74.483,0.385,0.9,0,False,1.0,0.303
Monaco,Audi,HUL,FP,SOFT,2,10,4,3,10,7,74.739,0.195,0.524,0,False,1.0,0.247
Monaco,Audi,BOR,FP,SOFT,13,26,8,2,15,13,74.832,2.143,5.118,3,False,0.322,0.623
Monaco,Audi,HUL,FP,MEDIUM,22,29,8,12,19,7,76.782,1.058,2.999,3,False,0.642,0.541
Monaco,Audi,HUL,FP,HARD,2,13,6,2,12,10,77.257,1.733,5.102,1,False,0.623,0.545
Monaco,Audi,BOR,FP,HARD,9,17,5,9,17,8,77.911,0.526,1.394,0,False,1.0,0.409
Monaco,Cadillac,BOT,FP,SOFT,11,19,4,2,10,8,75.965,0.12,0.288,0,False,1.0,0.225
Monaco,Cadillac,BOT,FP,SOFT,6,11,4,6,11,5,76.412,0.949,2.389,1,False,0.854,0.441
Monaco,Cadillac,PER,FP,SOFT,16,22,4,2,6,4,76.831,2.109,4.951,0,False,0.612,0.427
Monaco,Cadillac,PER,FP,SOFT,26,30,5,11,15,4,78.275,0.599,1.562,2,False,0.8,0.38
Monaco,Cadillac,PER,FP,MEDIUM,8,12,4,8,11,3,78.305,1.737,4.292,1,False,0.622,0.414
Monaco,Cadillac,BOT,FP,MEDIUM,2,14,5,3,13,10,78.829,1.166,3.282,1,False,0.79,0.527
Monaco,Cadillac,BOT,FP,SOFT,22,27,5,13,18,5,79.69,0.298,0.79,1,False,0.9,0.278
Monaco,Ferrari,LEC,FP,SOFT,18,29,5,3,13,10,73.19,1.912,4.818,1,False,0.57,0.527
Monaco,Ferrari,LEC,FP,HARD,6,18,4,9,18,9,75.09,0.113,0.315,0,False,1.0,0.243
Monaco,Ferrari,LEC,FP,SOFT,2,16,8,3,15,12,75.151,1.218,3.404,0,False,0.874,0.609
Monaco,Ferrari,HAM,FP,SOFT,2,16,9,3,16,13,75.422,1.307,4.932,3,False,0.568,0.641
Monaco,Ferrari,HAM,FP,HARD,2,11,4,2,10,8,77.814,2.248,5.042,0,False,0.571,0.482
Monaco,Haas F1 Team,BEA,FP,SOFT,2,11,5,3,11,8,75.085,0.425,1.199,1,False,0.9,0.38
Monaco,Haas F1 Team,OCO,FP,SOFT,17,25,5,3,10,7,75.111,1.947,5.034,1,False,0.56,0.486
Monaco,Haas F1 Team,OCO,FP,SOFT,2,12,5,3,12,9,75.331,0.569,1.61,0,False,1.0,0.455
Monaco,Haas F1 Team,BEA,FP,SOFT,27,31,4,13,17,4,77.34,0.463,1.262,1,False,0.9,0.317
Monaco,Haas F1 Team,BEA,FP,HARD,2,17,5,3,17,14,77.592,1.577,4.3,1,False,0.669,0.582
Monaco,Haas F1 Team,OCO,FP,HARD,2,18,10,3,18,15,78.874,1.626,5.047,1,False,0.654,0.686
Monaco,McLaren,PIA,FP,SOFT,2,9,4,3,9,6,74.174,0.543,1.383,1,False,0.9,0.362
Monaco,McLaren,NOR,FP,SOFT,10,15,4,10,15,5,74.339,1.965,4.748,1,False,0.554,0.441
Monaco,McLaren,NOR,FP,SOFT,2,7,4,2,7,5,74.775,1.969,4.866,1,False,0.553,0.441
Monaco,McLaren,PIA,FP,HARD,7,12,4,7,12,5,76.83,0.342,0.903,0,False,1.0,0.276
Monaco,McLaren,PIA,FP,SOFT,21,26,5,13,18,5,78.852,1.24,3.453,0,False,0.868,0.459
Monaco,McLaren,NOR,FP,HARD,2,10,7,2,10,8,78.984,1.776,4.835,0,False,0.71,0.536
Monaco,Mercedes,RUS,FP,SOFT,13,24,4,3,13,10,73.572,1.64,3.894,1,False,0.65,0.509
Monaco,Mercedes,ANT,FP,SOFT,12,25,4,3,15,12,73.653,0.135,0.321,0,False,1.0,0.285
Monaco,Mercedes,ANT,FP,HARD,2,12,7,2,11,9,78.054,1.867,4.838,0,False,0.683,0.55
Monaco,Racing Bulls,LAW,FP,SOFT,17,27,5,3,12,9,75.201,0.271,0.85,2,False,0.8,0.341
Monaco,Racing Bulls,LIN,FP,SOFT,16,28,7,2,14,12,75.714,2.127,5.227,2,False,0.407,0.591
Monaco,Racing Bulls,LIN,FP,HARD,2,17,7,4,17,13,78.242,1.413,4.243,1,False,0.717,0.605
Monaco,Racing Bulls,LAW,FP,HARD,2,10,5,3,9,6,78.557,0.899,2.594,1,False,0.868,0.473
Monaco,Red Bull Racing,VER,FP,SOFT,12,19,5,2,9,7,73.5,1.621,4.335,1,False,0.656,0.486
Monaco,Red Bull Racing,HAD,FP,SOFT,13,18,4,2,6,4,74.892,1.937,4.935,1,False,0.563,0.427
Monaco,Red Bull Racing,HAD,FP,SOFT,7,14,5,7,14,7,75.596,0.724,1.759,2,False,0.8,0.45
Monaco,Red Bull Racing,VER,FP,HARD,2,10,7,2,10,8,76.473,1.588,4.77,1,False,0.665,0.536
Monaco,Red Bull Racing,VER,FP,SOFT,22,29,8,12,19,7,76.523,0.414,1.358,1,False,0.9,0.445
Monaco,Red Bull Racing,HAD,FP,HARD,2,10,6,2,10,8,78.361,2.053,5.157,0,False,0.628,0.518
Monaco,Williams,SAI,FP,SOFT,2,16,6,3,16,13,75.123,1.507,4.289,1,False,0.689,0.586
Monaco,Williams,ALB,FP,SOFT,2,15,4,3,12,9,75.167,0.251,0.692,0,False,1.0,0.299
Monaco,Williams,ALB,FP,HARD,2,20,13,3,20,17,78.223,1.239,4.175,3,False,0.588,0.768
Monaco,Williams,SAI,FP,HARD,2,6,4,3,6,3,81.464,1.697,4.317,1,False,0.633,0.414
Monaco,Alpine,GAS,Race,SOFT,71,78,7,8,14,6,76.054,0.592,1.964,1,False,0.9,0.504
Monaco,Alpine,COL,Race,SOFT,71,78,6,5,10,5,76.874,0.784,2.326,1,False,0.751,0.477
Monaco,Alpine,GAS,Race,HARD,47,58,11,2,13,11,77.95,0.722,2.293,0,False,0.913,0.65
Monaco,Alpine,GAS,Race,MEDIUM,1,44,43,2,44,42,78.52,0.526,2.769,2,False,0.8,1.0
Monaco,Alpine,COL,Race,MEDIUM,1,34,32,2,33,31,79.124,0.689,2.931,2,False,0.746,1.0
Monaco,Alpine,COL,Race,HARD,37,57,6,2,20,18,79.174,1.106,2.826,2,False,0.333,0.655
Monaco,Aston Martin,ALO,Race,SOFT,71,78,6,13,18,5,77.666,1.061,3.03,1,False,0.477,0.477
Monaco,Aston Martin,STR,Race,SOFT,6,56,47,2,52,50,79.29,0.622,2.776,5,True,0.288,1.0
Monaco,Aston Martin,ALO,Race,SOFT,5,57,52,2,54,52,79.312,0.784,2.944,10,False,0.571,1.0
Monaco,Audi,HUL,Race,SOFT,71,78,5,7,11,4,76.511,0.152,0.395,0,False,1.0,0.205
Monaco,Audi,BOR,Race,SOFT,71,78,7,5,11,6,77.588,0.688,2.202,1,False,0.847,0.509
Monaco,Audi,BOR,Race,MEDIUM,45,56,8,2,11,9,77.906,1.033,2.777,0,False,0.605,0.568
Monaco,Audi,BOR,Race,HARD,3,42,26,7,40,33,78.377,1.018,2.973,8,False,0.34,1.0
Monaco,Audi,HUL,Race,HARD,14,57,21,2,45,43,78.399,1.014,3.007,3,False,0.344,0.982
Monaco,Audi,HUL,Race,MEDIUM,1,11,10,2,11,9,79.766,0.67,2.509,1,False,0.864,0.605
Monaco,Cadillac,PER,Race,SOFT,71,78,6,5,10,5,77.255,1.031,2.966,1,False,0.507,0.477
Monaco,Cadillac,PER,Race,MEDIUM,11,56,41,7,52,45,79.567,0.944,3.139,2,False,0.493,1.0
Monaco,Cadillac,BOT,Race,MEDIUM,3,15,13,2,14,12,81.293,0.879,2.671,3,True,0.191,0.7
Monaco,Ferrari,HAM,Race,SOFT,71,78,7,8,14,6,75.049,0.382,1.148,0,False,1.0,0.381
Monaco,Ferrari,LEC,Race,HARD,37,59,23,2,24,22,76.474,0.506,1.908,3,False,0.72,0.986
Monaco,Ferrari,HAM,Race,HARD,30,59,30,2,31,29,76.797,0.451,2.193,3,False,0.72,1.0
Monaco,Ferrari,HAM,Race,MEDIUM,1,27,26,2,27,25,77.099,0.49,2.158,7,False,0.72,1.0
Monaco,Ferrari,LEC,Race,MEDIUM,1,34,33,2,34,32,77.313,0.39,1.713,1,False,0.9,0.957
Monaco,Haas F1 Team,OCO,Race,SOFT,71,78,6,6,11,5,77.025,0.786,2.207,1,False,0.75,0.477
Monaco,Haas F1 Team,OCO,Race,HARD,11,57,28,2,46,44,78.213,0.766,2.995,2,False,0.669,1.0
Monaco,Haas F1 Team,BEA,Race,HARD,3,27,18,2,26,24,79.059,1.038,3.035,5,True,0.128,0.927
Monaco,Haas F1 Team,OCO,Race,MEDIUM,1,8,7,2,8,6,79.707,0.77,2.341,1,False,0.765,0.509
Monaco,McLaren,PIA,Race,SOFT,71,78,7,8,14,6,76.187,0.971,2.943,1,False,0.566,0.509
Monaco,McLaren,PIA,Race,HARD,50,58,9,2,10,8,76.863,0.489,1.648,1,False,0.9,0.52
Monaco,McLaren,PIA,Race,MEDIUM,1,47,45,3,47,44,78.41,0.616,2.596,9,False,0.72,1.0
Monaco,McLaren,NOR,Race,MEDIUM,1,43,41,2,43,41,78.464,0.683,3.014,6,True,0.269,1.0
Monaco,Mercedes,ANT,Race,SOFT,71,78,7,8,14,6,74.008,0.839,2.256,2,False,0.597,0.509
Monaco,Mercedes,ANT,Race,HARD,39,59,21,2,22,20,76.127,0.616,2.113,0,False,1.0,0.955
Monaco,Mercedes,RUS,Race,HARD,33,58,20,2,27,25,76.703,0.779,2.849,1,False,0.756,0.964
Monaco,Mercedes,ANT,Race,MEDIUM,1,36,35,2,36,34,76.838,0.455,2.173,1,False,0.9,1.0
Monaco,Mercedes,RUS,Race,SOFT,74,78,5,10,14,4,77.596,0.353,0.901,0,False,1.0,0.281
Monaco,Mercedes,RUS,Race,MEDIUM,1,30,29,2,30,28,78.474,0.786,2.871,0,False,0.85,1.0
Monaco,Racing Bulls,LAW,Race,SOFT,71,78,6,11,16,5,76.005,0.64,1.891,1,False,0.894,0.461
Monaco,Racing Bulls,LIN,Race,SOFT,71,78,6,5,10,5,76.102,0.885,2.485,2,False,0.551,0.477
Monaco,Racing Bulls,LAW,Race,SOFT,46,58,13,6,18,12,77.784,0.427,1.623,2,False,0.8,0.643
Monaco,Racing Bulls,LAW,Race,MEDIUM,1,43,42,2,43,41,78.903,0.683,2.856,5,False,0.671,1.0
Monaco,Racing Bulls,LIN,Race,MEDIUM,1,57,47,2,57,55,79.191,0.888,3.113,7,False,0.469,1.0
Monaco,Red Bull Racing,HAD,Race,SOFT,71,78,7,8,14,6,76.088,0.914,2.828,1,False,0.623,0.509
Monaco,Red Bull Racing,HAD,Race,HARD,34,58,25,2,26,24,77.728,0.578,2.075,5,False,0.72,1.0
Monaco,Red Bull Racing,HAD,Race,MEDIUM,1,31,30,2,31,29,78.618,0.694,2.283,1,False,0.841,1.0
Monaco,Williams,ALB,Race,SOFT,71,78,6,11,16,5,76.54,0.62,1.765,1,False,0.9,0.442
Monaco,Williams,SAI,Race,MEDIUM,1,51,40,2,51,49,78.998,0.78,3.116,4,False,0.575,1.0
Monaco,Williams,ALB,Race,MEDIUM,1,42,40,2,42,40,79.126,0.598,2.696,3,False,0.72,1.0
Monaco,Williams,ALB,Race,SOFT,45,57,8,5,14,9,79.237,0.843,2.281,0,False,0.793,0.568
Spagna,Alpine,COL,FP,SOFT,16,22,6,5,11,6,81.718,1.392,4.404,1,False,0.723,0.491
Spagna,Alpine,GAS,FP,MEDIUM,16,28,10,11,21,10,84.203,1.376,4.455,0,False,0.828,0.618
Spagna,Alpine,COL,FP,MEDIUM,17,29,12,11,22,11,84.434,1.384,4.264,0,False,0.826,0.668
Spagna,Audi,HUL,FP,MEDIUM,8,12,4,8,12,4,80.618,1.011,2.609,1,False,0.835,0.427
Spagna,Audi,BOR,FP,SOFT,21,27,6,8,13,5,82.821,0.873,2.381,0,False,0.976,0.477
Spagna,Audi,HUL,FP,MEDIUM,17,25,8,11,19,8,83.033,1.674,5.672,1,False,0.64,0.555
Spagna,Audi,BOR,FP,MEDIUM,16,23,8,11,18,7,83.859,1.611,4.935,0,False,0.759,0.541
Spagna,Cadillac,BOT,FP,SOFT,12,22,7,2,11,9,81.809,1.699,4.739,0,False,0.733,0.55
Spagna,Cadillac,PER,FP,MEDIUM,14,17,4,14,17,3,82.51,0.156,0.416,1,False,0.9,0.176
Spagna,Cadillac,BOT,FP,SOFT,8,13,5,8,13,5,82.746,1.042,2.914,1,False,0.826,0.459
Spagna,Cadillac,PER,FP,MEDIUM,18,27,10,12,21,9,84.858,1.051,3.663,1,False,0.824,0.605
Spagna,Ferrari,LEC,FP,MEDIUM,16,22,7,11,17,6,81.68,0.687,2.04,0,False,1.0,0.509
Spagna,Ferrari,LEC,FP,MEDIUM,22,28,5,16,20,4,81.861,1.14,3.148,1,False,0.797,0.445
Spagna,Ferrari,HAM,FP,MEDIUM,20,27,6,13,18,5,82.654,0.803,2.516,0,False,0.997,0.477
Spagna,Haas F1 Team,BEA,FP,SOFT,15,24,10,5,14,9,83.624,0.241,0.81,1,False,0.9,0.426
Spagna,Haas F1 Team,OCO,FP,MEDIUM,14,28,12,9,21,12,84.894,1.372,4.686,3,False,0.549,0.682
Spagna,McLaren,NOR,FP,SOFT,17,25,9,5,13,8,81.739,1.135,3.859,1,False,0.799,0.573
Spagna,McLaren,PIA,FP,MEDIUM,13,19,7,10,16,6,82.368,0.734,2.585,1,False,0.9,0.509
Spagna,Mercedes,RUS,FP,SOFT,23,26,4,5,8,3,81.112,0.26,0.671,1,False,0.9,0.214
Spagna,Mercedes,ANT,FP,SOFT,15,24,9,5,14,9,81.431,1.679,5.309,2,False,0.539,0.586
Spagna,Mercedes,RUS,FP,MEDIUM,12,20,9,9,17,8,81.509,0.899,2.777,1,False,0.868,0.573
Spagna,Mercedes,RUS,FP,SOFT,14,23,10,5,14,9,81.71,0.465,1.429,0,False,1.0,0.519
Spagna,Racing Bulls,LIN,FP,SOFT,19,24,6,8,13,5,83.548,0.597,1.903,0,False,1.0,0.463
Spagna,Racing Bulls,LIN,FP,MEDIUM,12,28,13,9,21,12,83.889,1.496,5.583,1,False,0.693,0.7
Spagna,Red Bull Racing,VER,FP,SOFT,23,32,9,5,13,8,81.656,0.472,1.367,0,False,1.0,0.478
Spagna,Red Bull Racing,VER,FP,SOFT,24,27,4,8,11,3,81.765,0.195,0.544,1,False,0.9,0.195
Spagna,Red Bull Racing,VER,FP,HARD,11,20,10,8,17,9,81.805,0.934,3.011,1,False,0.858,0.605
Spagna,Red Bull Racing,VER,FP,MEDIUM,18,21,4,12,15,3,81.938,0.051,0.128,0,False,1.0,0.133
Spagna,Red Bull Racing,HAD,FP,SOFT,25,29,4,8,11,3,82.971,0.651,1.582,1,False,0.9,0.351
Spagna,Red Bull Racing,HAD,FP,MEDIUM,16,22,7,10,16,6,83.37,1.068,3.7,2,False,0.719,0.509
Spagna,UNKNOWN,ARO,FP,SOFT,19,23,5,8,12,4,81.577,2.159,5.557,1,False,0.497,0.445
Spagna,UNKNOWN,BEG,FP,MEDIUM,2,8,7,2,8,6,81.94,1.381,4.191,1,False,0.726,0.509
Spagna,UNKNOWN,HER,FP,SOFT,2,10,4,2,10,8,82.341,1.062,2.862,0,False,0.92,0.482
Spagna,UNKNOWN,IWA,FP,MEDIUM,7,13,5,7,13,6,82.523,1.469,3.808,1,False,0.7,0.473
Spagna,UNKNOWN,VES,FP,SOFT,17,24,8,11,18,7,83.078,1.696,5.666,1,False,0.634,0.541
Spagna,UNKNOWN,HER,FP,SOFT,19,26,7,8,14,6,84.309,0.855,2.605,0,False,0.981,0.509
Spagna,Williams,SAI,FP,SOFT,9,13,5,9,13,4,82.216,0.188,0.479,2,False,0.8,0.217
Spagna,Williams,SAI,FP,MEDIUM,11,14,4,8,11,3,83.518,0.716,1.774,1,False,0.9,0.38
Spagna,Williams,ALB,FP,SOFT,20,28,8,7,14,7,84.832,0.835,3.122,3,False,0.707,0.541
Spagna,Williams,SAI,FP,SOFT,18,26,8,6,13,7,85.045,0.73,2.149,0,False,1.0,0.541
Spagna,Williams,SAI,FP,MEDIUM,17,24,8,14,21,7,85.608,0.964,3.017,0,False,0.949,0.541
Spagna,Alpine,GAS,Race,HARD,42,60,18,2,20,18,83.07,0.62,2.84,4,False,0.72,0.873
Spagna,Alpine,COL,Race,HARD,42,60,18,8,26,18,83.605,0.633,2.691,5,False,0.72,0.873
Spagna,Alpine,COL,Race,HARD,14,33,20,2,21,19,84.443,0.496,1.886,2,False,0.8,0.906
Spagna,Alpine,GAS,Race,HARD,16,38,22,2,23,21,84.629,0.68,2.336,1,False,0.854,0.986
Spagna,Alpine,COL,Race,SOFT,1,11,10,2,11,9,85.255,0.775,2.179,0,False,0.86,0.605
Spagna,Alpine,GAS,Race,MEDIUM,1,13,12,2,13,11,85.759,0.659,1.836,3,False,0.695,0.644
Spagna,Aston Martin,ALO,Race,HARD,23,37,15,2,16,14,85.851,0.38,1.579,3,True,0.288,0.7
Spagna,Aston Martin,ALO,Race,HARD,2,20,19,2,20,18,87.381,0.757,2.709,1,False,0.778,0.891
Spagna,Audi,BOR,Race,SOFT,55,59,5,2,6,4,82.191,0.533,1.335,0,False,1.0,0.346
Spagna,Audi,BOR,Race,HARD,41,52,12,8,19,11,84.036,0.831,2.963,0,False,0.805,0.668
Spagna,Audi,BOR,Race,HARD,17,32,14,2,17,15,84.134,0.753,2.507,2,False,0.682,0.759
Spagna,Audi,HUL,Race,HARD,15,28,14,2,15,13,84.537,0.398,1.306,0,True,0.4,0.628
Spagna,Audi,HUL,Race,SOFT,1,12,11,2,12,10,85.106,0.735,2.298,3,False,0.62,0.636
Spagna,Audi,BOR,Race,MEDIUM,1,14,13,2,14,12,86.301,0.648,1.777,0,False,0.986,0.667
Spagna,Cadillac,PER,Race,HARD,33,38,6,2,7,5,84.8,0.706,2.229,0,False,0.929,0.477
Spagna,Cadillac,PER,Race,MEDIUM,41,59,14,2,19,17,84.9,0.917,3.122,0,False,0.72,0.786
Spagna,Cadillac,PER,Race,SOFT,1,11,10,2,11,9,86.053,0.551,1.612,0,False,1.0,0.546
Spagna,Cadillac,PER,Race,HARD,14,30,15,2,18,16,86.249,0.909,3.143,0,False,0.728,0.791
Spagna,Cadillac,BOT,Race,MEDIUM,1,13,11,2,13,11,86.681,0.855,2.648,0,True,0.312,0.65
Spagna,Ferrari,HAM,Race,HARD,43,62,20,2,21,19,80.983,0.47,1.38,0,False,1.0,0.83
Spagna,Ferrari,HAM,Race,MEDIUM,29,40,12,2,13,11,81.028,0.352,1.226,2,False,0.8,0.552
Spagna,Ferrari,LEC,Race,HARD,42,61,20,3,22,19,81.942,0.837,2.693,0,True,0.32,0.923
Spagna,Ferrari,HAM,Race,HARD,13,26,14,2,15,13,82.541,0.533,1.898,0,False,1.0,0.717
Spagna,Ferrari,LEC,Race,HARD,18,38,21,2,22,20,82.768,0.628,2.598,2,False,0.8,0.955
Spagna,Ferrari,HAM,Race,SOFT,1,10,9,4,12,8,82.89,0.613,1.866,0,False,1.0,0.553
Spagna,Ferrari,LEC,Race,MEDIUM,1,15,14,2,15,13,83.536,0.51,1.65,0,False,1.0,0.679
Spagna,Haas F1 Team,OCO,Race,MEDIUM,41,57,16,7,23,16,84.183,0.947,3.201,0,False,0.69,0.809
Spagna,Haas F1 Team,BEA,Race,HARD,20,38,19,2,20,18,84.43,1.033,3.083,2,False,0.405,0.891
Spagna,Haas F1 Team,OCO,Race,HARD,15,33,19,2,20,18,85.332,1.049,3.091,0,False,0.589,0.891
Spagna,Haas F1 Team,OCO,Race,SOFT,1,12,11,2,12,10,85.775,0.766,2.319,0,False,0.869,0.636
Spagna,Haas F1 Team,BEA,Race,MEDIUM,1,17,16,2,17,15,86.114,0.617,1.812,0,False,1.0,0.767
Spagna,McLaren,NOR,Race,HARD,43,61,19,8,26,18,81.606,0.667,2.336,0,False,0.967,0.891
Spagna,McLaren,PIA,Race,HARD,42,61,20,6,25,19,82.09,0.738,2.393,0,False,0.897,0.923
Spagna,McLaren,NOR,Race,HARD,15,34,20,2,21,19,82.453,0.461,1.653,0,False,1.0,0.871
Spagna,McLaren,PIA,Race,HARD,16,35,20,2,21,19,82.922,0.458,1.604,0,False,1.0,0.863
Spagna,McLaren,NOR,Race,MEDIUM,1,12,11,2,12,10,83.319,0.431,1.367,4,False,0.72,0.541
Spagna,McLaren,PIA,Race,MEDIUM,1,13,12,2,13,11,83.784,0.777,2.834,0,False,0.858,0.668
Spagna,Mercedes,ANT,Race,HARD,43,61,19,6,24,18,81.45,0.521,2.011,1,True,0.36,0.891
Spagna,Mercedes,RUS,Race,HARD,43,62,19,7,26,19,81.529,0.552,1.84,0,False,1.0,0.881
Spagna,Mercedes,ANT,Race,HARD,16,36,21,2,22,20,82.614,0.498,2.125,5,False,0.72,0.955
Spagna,Mercedes,RUS,Race,MEDIUM,1,11,11,1,11,10,82.687,0.881,2.939,0,False,0.755,0.636
Spagna,Mercedes,RUS,Race,HARD,14,35,22,2,23,21,82.844,0.523,1.881,2,False,0.8,0.969
Spagna,Mercedes,ANT,Race,MEDIUM,1,13,12,2,13,11,83.227,0.643,1.84,0,False,0.991,0.644
Spagna,Racing Bulls,LIN,Race,HARD,41,60,20,4,23,19,83.09,0.718,3.084,1,False,0.817,0.923
Spagna,Racing Bulls,LAW,Race,HARD,41,60,19,7,25,18,83.527,0.721,2.726,2,False,0.714,0.891
Spagna,Racing Bulls,LIN,Race,HARD,24,36,12,2,14,12,84.305,0.772,2.516,1,False,0.763,0.682
Spagna,Racing Bulls,LAW,Race,MEDIUM,1,10,9,2,10,8,84.783,0.642,1.569,0,False,0.992,0.508
Spagna,Racing Bulls,LAW,Race,HARD,13,34,22,2,23,21,84.879,0.427,1.303,0,False,1.0,0.882
Spagna,Racing Bulls,LIN,Race,MEDIUM,1,21,20,2,21,19,85.716,0.768,3.146,6,False,0.587,0.923
Spagna,Red Bull Racing,VER,Race,MEDIUM,42,61,20,2,21,19,81.379,0.625,2.291,0,False,1.0,0.923
Spagna,Red Bull Racing,VER,Race,HARD,31,39,9,2,10,8,81.829,0.262,0.899,1,False,0.9,0.408
Spagna,Red Bull Racing,HAD,Race,HARD,34,39,6,2,7,5,82.078,0.366,1.089,1,False,0.9,0.341
Spagna,Red Bull Racing,HAD,Race,HARD,42,57,16,10,25,15,82.564,0.713,2.88,2,False,0.722,0.795
Spagna,Red Bull Racing,VER,Race,MEDIUM,14,28,15,2,16,14,82.811,0.461,1.579,0,False,1.0,0.7
Spagna,Red Bull Racing,HAD,Race,HARD,17,31,15,2,16,14,83.259,0.678,2.733,1,False,0.856,0.764
Spagna,Red Bull Racing,VER,Race,SOFT,1,11,10,5,14,9,83.378,0.563,1.685,0,False,1.0,0.557
Spagna,Red Bull Racing,HAD,Race,MEDIUM,1,14,13,2,14,12,84.577,0.509,2.071,4,False,0.72,0.7
Spagna,Williams,ALB,Race,SOFT,36,49,14,2,15,13,83.62,0.845,2.887,2,False,0.591,0.732
Spagna,Williams,SAI,Race,HARD,32,38,7,2,8,6,83.996,0.808,2.616,1,False,0.728,0.509
Spagna,Williams,SAI,Race,HARD,41,54,14,11,24,13,84.218,0.559,2.196,1,False,0.9,0.732
Spagna,Williams,SAI,Race,HARD,16,29,14,2,15,13,84.785,0.486,1.626,0,False,1.0,0.676
Spagna,Williams,ALB,Race,HARD,15,28,12,2,14,12,85.259,0.794,3.342,2,False,0.642,0.682
Spagna,Williams,SAI,Race,SOFT,1,13,12,2,13,11,85.662,0.59,1.673,0,False,1.0,0.619
Spagna,Williams,ALB,Race,MEDIUM,1,12,11,2,12,10,86.108,0.523,1.283,0,False,1.0,0.529
